iso_code,continent,location,date,total_cases,new_cases,total_deaths,new_deaths,total_cases_per_million,new_cases_per_million,new_cases_smoothed_per_million,total_deaths_per_million,new_deaths_per_million,icu_patients,icu_patients_per_million,hosp_patients,hosp_patients_per_million,weekly_icu_admissions,weekly_icu_admissions_per_million,weekly_hosp_admissions,weekly_hosp_admissions_per_million,total_tests,new_tests,total_tests_per_thousand,new_tests_per_thousand,positive_rate,tests_per_case,tests_units,total_vaccinations,people_vaccinated,people_fully_vaccinated,total_boosters,new_vaccinations,total_vaccinations_per_hundred,people_vaccinated_per_hundred,people_fully_vaccinated_per_hundred,total_boosters_per_hundred,stringency_index,population,population_density,median_age,aged_65_older,aged_70_older,gdp_per_capita,extreme_poverty,cardiovasc_death_rate,diabetes_prevalence,female_smokers,male_smokers,handwashing_facilities,hospital_beds_per_thousand,life_expectancy,human_development_index,excess_mortality_cumulative_absolute,excess_mortality_cumulative,excess_mortality,excess_mortality_cumulative_per_million,daily_vaccinations_raw,daily_vaccinations,daily_vaccinations_per_million,vaccines,Moderna,Oxford/AstraZeneca,Sinopharm/Beijing,Sputnik V,CanSino,Pfizer/BioNTech,Johnson&Johnson,Novavax,Sinovac,Covaxin
LUX,Europe,Luxembourg,2022-01-13,121237.0,2312.0,931.0,1.0,190980.35,3642.012,2461.688,1466.571,1.575,18.0,28.355,63.0,99.242,,,,,3885419.0,6380.0,6120.563,10.05,0.297,3.4,tests performed,1151328.0,471193.0,,269486.0,9344.0,181.36,74.23,,42.45,55.56,634814.0,231.447,39.7,14.312,9.842,94277.965,0.2,128.275,4.42,20.9,26.0,,4.51,82.25,0.916,,,,,9344.0,6539.0,10301.0,"Johnson&Johnson, Moderna, Oxford/AstraZeneca, Pfizer/BioNTech",0.0,0.0,0.0,0.0,0.0,0.0,0.0,0.0,0.0,0.0
LUX,Europe,Luxembourg,2022-01-14,123340.0,2103.0,934.0,3.0,194293.132,3312.781,2506.246,1471.297,4.726,18.0,28.355,66.0,103.967,,,,,3892394.0,6975.0,6131.55,10.987,0.306,3.3,tests performed,1161219.0,471948.0,,277681.0,9891.0,182.92,74.34,,43.74,55.56,634814.0,231.447,39.7,14.312,9.842,94277.965,0.2,128.275,4.42,20.9,26.0,,4.51,82.25,0.916,,,,,9891.0,6709.0,10568.0,"Johnson&Johnson, Moderna, Oxford/AstraZeneca, Pfizer/BioNTech",253311.0,105267.0,0.0,0.0,0.0,667698.0,41357.0,0.0,0.0,0.0
LUX,Europe,Luxembourg,2022-01-15,123340.0,0.0,934.0,0.0,194293.132,0.0,2506.246,1471.297,0.0,21.0,33.081,74.0,116.57,,,,,3897336.0,4942.0,6139.335,7.785,0.308,3.2,tests performed,1165807.0,472383.0,,281294.0,4588.0,183.65,74.41,,44.31,55.56,634814.0,231.447,39.7,14.312,9.842,94277.965,0.2,128.275,4.42,20.9,26.0,,4.51,82.25,0.916,,,,,4588.0,6772.0,10668.0,"Johnson&Johnson, Moderna, Oxford/AstraZeneca, Pfizer/BioNTech",0.0,0.0,0.0,0.0,0.0,0.0,0.0,0.0,0.0,0.0
LUX,Europe,Luxembourg,2022-01-16,123340.0,0.0,934.0,0.0,194293.132,0.0,2506.246,1471.297,0.0,20.0,31.505,71.0,111.844,,,32.0,51.109,3898988.0,1652.0,6141.938,2.602,0.31,3.2,tests performed,1165825.0,472385.0,,281310.0,18.0,183.65,74.41,,44.31,55.56,634814.0,231.447,39.7,14.312,9.842,94277.965,0.2,128.275,4.42,20.9,26.0,,4.51,82.25,0.916,45.8,0.49,-14.67,72.1471171083184,18.0,6770.0,10665.0,"Johnson&Johnson, Moderna, Oxford/AstraZeneca, Pfizer/BioNTech",0.0,0.0,0.0,0.0,0.0,0.0,0.0,0.0,0.0,0.0
LUX,Europe,Luxembourg,2022-01-17,127765.0,4425.0,938.0,4.0,201263.677,6970.546,2638.793,1477.598,6.301,19.0,29.93,76.0,119.72,,,,,3902702.0,3714.0,6147.788,5.851,0.321,3.1,tests performed,1170312.0,472714.0,,284891.0,4487.0,184.36,74.46,,44.88,55.56,634814.0,231.447,39.7,14.312,9.842,94277.965,0.2,128.275,4.42,20.9,26.0,,4.51,82.25,0.916,,,,,4487.0,6699.0,10553.0,"Johnson&Johnson, Moderna, Oxford/AstraZeneca, Pfizer/BioNTech",0.0,0.0,0.0,0.0,0.0,0.0,0.0,0.0,0.0,0.0
LUX,Europe,Luxembourg,2022-01-18,129092.0,1327.0,940.0,2.0,203354.053,2090.376,2720.932,1480.749,3.151,15.0,23.629,72.0,113.419,,,,,3909668.0,6966.0,6158.761,10.973,0.335,3.0,tests performed,1178929.0,473207.0,,292265.0,8617.0,185.71,74.54,,46.04,55.56,634814.0,231.447,39.7,14.312,9.842,94277.965,0.2,128.275,4.42,20.9,26.0,,4.51,82.25,0.916,,,,,8617.0,6587.0,10376.0,"Johnson&Johnson, Moderna, Oxford/AstraZeneca, Pfizer/BioNTech",0.0,0.0,0.0,0.0,0.0,0.0,0.0,0.0,0.0,0.0
LUX,Europe,Luxembourg,2022-01-19,131644.0,2552.0,941.0,1.0,207374.128,4020.075,2862.256,1482.324,1.575,15.0,23.629,74.0,116.57,,,,,3919079.0,9411.0,6173.586,14.825,0.337,3.0,tests performed,1186826.0,473506.0,,299363.0,7897.0,186.96,74.59,,47.16,55.56,634814.0,231.447,39.7,14.312,9.842,94277.965,0.2,128.275,4.42,20.9,26.0,,4.51,82.25,0.916,,,,,7897.0,6406.0,10091.0,"Johnson&Johnson, Moderna, Oxford/AstraZeneca, Pfizer/BioNTech",0.0,0.0,0.0,0.0,0.0,0.0,0.0,0.0,0.0,0.0
LUX,Europe,Luxembourg,2022-01-20,134714.0,3070.0,941.0,0.0,212210.191,4836.062,3032.834,1482.324,0.0,13.0,20.478,69.0,108.693,,,,,3926808.0,7729.0,6185.761,12.175,0.344,2.9,tests performed,1194248.0,473875.0,,305746.0,7422.0,188.13,74.65,,48.16,55.56,634814.0,231.447,39.7,14.312,9.842,94277.965,0.2,128.275,4.42,20.9,26.0,,4.51,82.25,0.916,,,,,7422.0,6131.0,9658.0,"Johnson&Johnson, Moderna, Oxford/AstraZeneca, Pfizer/BioNTech",0.0,0.0,0.0,0.0,0.0,0.0,0.0,0.0,0.0,0.0
LUX,Europe,Luxembourg,2022-01-21,137570.0,2856.0,943.0,2.0,216709.146,4498.956,3202.288,1485.474,3.151,12.0,18.903,71.0,111.844,,,,,3933435.0,6627.0,6196.201,10.439,0.352,2.8,tests performed,1202276.0,474243.0,,312948.0,8028.0,189.39,74.71,,49.3,55.56,634814.0,231.447,39.7,14.312,9.842,94277.965,0.2,128.275,4.42,20.9,26.0,,4.51,82.25,0.916,,,,,8028.0,5865.0,9239.0,"Johnson&Johnson, Moderna, Oxford/AstraZeneca, Pfizer/BioNTech",275183.0,105267.0,0.0,0.0,0.0,679215.0,41418.0,0.0,0.0,0.0
LUX,Europe,Luxembourg,2022-01-22,137570.0,0.0,943.0,0.0,216709.146,0.0,3202.288,1485.474,0.0,14.0,22.054,73.0,114.994,,,,,3940155.0,6720.0,6206.787,10.586,0.365,2.7,tests performed,1206490.0,474497.0,,316777.0,4214.0,190.05,74.75,,49.9,55.56,634814.0,231.447,39.7,14.312,9.842,94277.965,0.2,128.275,4.42,20.9,26.0,,4.51,82.25,0.916,,,,,4214.0,5812.0,9155.0,"Johnson&Johnson, Moderna, Oxford/AstraZeneca, Pfizer/BioNTech",0.0,0.0,0.0,0.0,0.0,0.0,0.0,0.0,0.0,0.0
LUX,Europe,Luxembourg,2022-01-23,137570.0,0.0,943.0,0.0,216709.146,0.0,3202.288,1485.474,0.0,11.0,17.328,70.0,110.269,,,33.0,52.707,3941144.0,989.0,6208.344,1.558,0.363,2.8,tests performed,,,,,,,,,,55.56,634814.0,231.447,39.7,14.312,9.842,94277.965,0.2,128.275,4.42,20.9,26.0,,4.51,82.25,0.916,32.7,0.35,-13.49,51.5111512978605,,6022.0,9486.0,"Johnson&Johnson, Moderna, Oxford/AstraZeneca, Pfizer/BioNTech",0.0,0.0,0.0,0.0,0.0,0.0,0.0,0.0,0.0,0.0
LUX,Europe,Luxembourg,2022-01-24,143067.0,5497.0,945.0,2.0,225368.376,8659.229,3443.528,1488.625,3.151,11.0,17.328,70.0,110.269,,,,,3945935.0,4791.0,6215.892,7.547,0.363,2.8,tests performed,1209462.0,474707.0,,319122.0,,190.52,74.78,,50.27,55.56,634814.0,231.447,39.7,14.312,9.842,94277.965,0.2,128.275,4.42,20.9,26.0,,4.51,82.25,0.916,,,,,,5593.0,8810.0,"Johnson&Johnson, Moderna, Oxford/AstraZeneca, Pfizer/BioNTech",0.0,0.0,0.0,0.0,0.0,0.0,0.0,0.0,0.0,0.0
LUX,Europe,Luxembourg,2022-01-25,144781.0,1714.0,945.0,0.0,228068.379,2700.003,3530.618,1488.625,0.0,12.0,18.903,70.0,110.269,,,,,3953830.0,7895.0,6228.328,12.437,0.367,2.7,tests performed,1214038.0,475045.0,,322708.0,4576.0,191.24,74.83,,50.84,55.56,634814.0,231.447,39.7,14.312,9.842,94277.965,0.2,128.275,4.42,20.9,26.0,,4.51,82.25,0.916,,,,,4576.0,5016.0,7902.0,"Johnson&Johnson, Moderna, Oxford/AstraZeneca, Pfizer/BioNTech",0.0,0.0,0.0,0.0,0.0,0.0,0.0,0.0,0.0,0.0
LUX,Europe,Luxembourg,2022-01-26,147854.0,3073.0,946.0,1.0,232909.167,4840.788,3647.863,1490.2,1.575,13.0,20.478,70.0,110.269,,,,,3961530.0,7700.0,6240.458,12.13,0.38,2.6,tests performed,1217574.0,475228.0,,325536.0,3536.0,191.8,74.86,,51.28,55.56,634814.0,231.447,39.7,14.312,9.842,94277.965,0.2,128.275,4.42,20.9,26.0,,4.51,82.25,0.916,,,,,3536.0,4393.0,6920.0,"Johnson&Johnson, Moderna, Oxford/AstraZeneca, Pfizer/BioNTech",0.0,0.0,0.0,0.0,0.0,0.0,0.0,0.0,0.0,0.0
LUX,Europe,Luxembourg,2022-01-27,150883.0,3029.0,947.0,1.0,237680.643,4771.476,3638.636,1491.776,1.575,10.0,15.753,71.0,111.844,,,,,3968411.0,6881.0,6251.297,10.839,0.381,2.6,tests performed,1221309.0,475532.0,,328321.0,3735.0,192.39,74.91,,51.72,55.56,634814.0,231.447,39.7,14.312,9.842,94277.965,0.2,128.275,4.42,20.9,26.0,,4.51,82.25,0.916,,,,,3735.0,3866.0,6090.0,"Johnson&Johnson, Moderna, Oxford/AstraZeneca, Pfizer/BioNTech",0.0,0.0,0.0,0.0,0.0,0.0,0.0,0.0,0.0,0.0
LUX,Europe,Luxembourg,2022-01-28,153435.0,2552.0,948.0,1.0,241700.719,4020.075,3570.225,1493.351,1.575,8.0,12.602,76.0,119.72,,,,,3974085.0,5674.0,6260.235,8.938,0.382,2.6,tests performed,1225996.0,475791.0,,332309.0,4687.0,193.13,74.95,,52.35,55.56,634814.0,231.447,39.7,14.312,9.842,94277.965,0.2,128.275,4.42,20.9,26.0,,4.51,82.25,0.916,,,,,4687.0,3389.0,5339.0,"Johnson&Johnson, Moderna, Oxford/AstraZeneca, Pfizer/BioNTech",284482.0,105267.0,0.0,0.0,0.0,685367.0,41447.0,0.0,0.0,0.0
LUX,Europe,Luxembourg,2022-01-29,153435.0,0.0,948.0,0.0,241700.719,0.0,3570.225,1493.351,0.0,8.0,12.602,74.0,116.57,,,,,3979567.0,5482.0,6268.871,8.636,0.381,2.6,tests performed,1229093.0,475980.0,,335131.0,3097.0,193.61,74.98,,52.79,55.56,634814.0,231.447,39.7,14.312,9.842,94277.965,0.2,128.275,4.42,20.9,26.0,,4.51,82.25,0.916,,,,,3097.0,3229.0,5087.0,"Johnson&Johnson, Moderna, Oxford/AstraZeneca, Pfizer/BioNTech",0.0,0.0,0.0,0.0,0.0,0.0,0.0,0.0,0.0,0.0
LUX,Europe,Luxembourg,2022-01-30,153435.0,0.0,948.0,0.0,241700.719,0.0,3570.225,1493.351,0.0,8.0,12.602,79.0,124.446,,,50.0,78.261,3980287.0,720.0,6270.005,1.134,0.381,2.6,tests performed,,,,,,,,,,55.56,634814.0,231.447,39.7,14.312,9.842,94277.965,0.2,128.275,4.42,20.9,26.0,,4.51,82.25,0.916,27.8,0.29,-4.95,43.7923549260098,,3168.0,4990.0,"Johnson&Johnson, Moderna, Oxford/AstraZeneca, Pfizer/BioNTech",0.0,0.0,0.0,0.0,0.0,0.0,0.0,0.0,0.0,0.0
LUX,Europe,Luxembourg,2022-01-31,157985.0,4550.0,952.0,4.0,248868.172,7167.454,3357.114,1499.652,6.301,9.0,14.177,81.0,127.596,,,,,3984615.0,4328.0,6276.823,6.818,0.379,2.6,tests performed,1231204.0,476105.0,,336756.0,,193.95,75.0,,53.05,55.56,634814.0,231.447,39.7,14.312,9.842,94277.965,0.2,128.275,4.42,20.9,26.0,,4.51,82.25,0.916,,,,,,3106.0,4893.0,"Johnson&Johnson, Moderna, Oxford/AstraZeneca, Pfizer/BioNTech",0.0,0.0,0.0,0.0,0.0,0.0,0.0,0.0,0.0,0.0
LUX,Europe,Luxembourg,2022-02-01,159438.0,1453.0,953.0,1.0,251157.032,2288.859,3298.379,1501.227,1.575,13.0,20.478,83.0,130.747,,,,,3991421.0,6806.0,6287.544,10.721,0.376,2.7,tests performed,1234111.0,476274.0,,338850.0,2907.0,194.41,75.03,,53.38,55.56,634814.0,231.447,39.7,14.312,9.842,94277.965,0.2,128.275,4.42,20.9,26.0,,4.51,82.25,0.916,,,,,2907.0,2868.0,4518.0,"Johnson&Johnson, Moderna, Oxford/AstraZeneca, Pfizer/BioNTech",0.0,0.0,0.0,0.0,0.0,0.0,0.0,0.0,0.0,0.0
LUX,Europe,Luxembourg,2022-02-02,161986.0,2548.0,956.0,3.0,255170.806,4013.774,3180.234,1505.953,4.726,12.0,18.903,82.0,129.172,,,,,3997644.0,6223.0,6297.347,9.803,0.363,2.8,tests performed,1236825.0,476416.0,,340936.0,2714.0,194.83,75.05,,53.71,55.56,634814.0,231.447,39.7,14.312,9.842,94277.965,0.2,128.275,4.42,20.9,26.0,,4.51,82.25,0.916,,,,,2714.0,2750.0,4332.0,"Johnson&Johnson, Moderna, Oxford/AstraZeneca, Pfizer/BioNTech",0.0,0.0,0.0,0.0,0.0,0.0,0.0,0.0,0.0,0.0
LUX,Europe,Luxembourg,2022-02-03,163980.0,1994.0,956.0,0.0,258311.883,3141.078,2947.32,1505.953,0.0,11.0,17.328,84.0,132.322,,,,,4003502.0,5858.0,6306.575,9.228,0.357,2.8,tests performed,1239559.0,476620.0,,342917.0,2734.0,195.26,75.08,,54.02,55.56,634814.0,231.447,39.7,14.312,9.842,94277.965,0.2,128.275,4.42,20.9,26.0,,4.51,82.25,0.916,,,,,2734.0,2607.0,4107.0,"Johnson&Johnson, Moderna, Oxford/AstraZeneca, Pfizer/BioNTech",0.0,0.0,0.0,0.0,0.0,0.0,0.0,0.0,0.0,0.0
LUX,Europe,Luxembourg,2022-02-04,165958.0,1978.0,958.0,2.0,261427.757,3115.873,2818.148,1509.103,3.151,10.0,15.753,88.0,138.623,,,,,4007953.0,4451.0,6313.586,7.012,0.354,2.8,tests performed,1243085.0,476798.0,,345646.0,3526.0,195.82,75.11,,54.45,55.56,634814.0,231.447,39.7,14.312,9.842,94277.965,0.2,128.275,4.42,20.9,26.0,,4.51,82.25,0.916,,,,,3526.0,2441.0,3845.0,"Johnson&Johnson, Moderna, Oxford/AstraZeneca, Pfizer/BioNTech",290560.0,105267.0,0.0,0.0,0.0,689737.0,41476.0,0.0,0.0,0.0
LUX,Europe,Luxembourg,2022-02-05,165958.0,0.0,958.0,0.0,261427.757,0.0,2818.148,1509.103,0.0,9.0,14.177,84.0,132.322,,,,,4011972.0,4019.0,6319.917,6.331,0.342,2.9,tests performed,1245746.0,476956.0,,347732.0,2661.0,196.24,75.13,,54.78,55.56,634814.0,231.447,39.7,14.312,9.842,94277.965,0.2,128.275,4.42,20.9,26.0,,4.51,82.25,0.916,,,,,2661.0,2379.0,3748.0,"Johnson&Johnson, Moderna, Oxford/AstraZeneca, Pfizer/BioNTech",0.0,0.0,0.0,0.0,0.0,0.0,0.0,0.0,0.0,0.0
LUX,Europe,Luxembourg,2022-02-06,165958.0,0.0,958.0,0.0,261427.757,0.0,2818.148,1509.103,0.0,11.0,17.328,83.0,130.747,,,37.0,57.498,4012517.0,545.0,6320.776,0.859,0.341,2.9,tests performed,,,,,,,,,,55.56,634814.0,231.447,39.7,14.312,9.842,94277.965,0.2,128.275,4.42,20.9,26.0,,4.51,82.25,0.916,16.9,0.18,-10.2,26.6219711600563,,2354.0,3708.0,"Johnson&Johnson, Moderna, Oxford/AstraZeneca, Pfizer/BioNTech",0.0,0.0,0.0,0.0,0.0,0.0,0.0,0.0,0.0,0.0
LUX,Europe,Luxembourg,2022-02-07,168988.0,3030.0,964.0,6.0,266200.808,4773.052,2476.091,1518.555,9.452,10.0,15.753,82.0,129.172,,,,,4016315.0,3798.0,6326.759,5.983,0.336,3.0,tests performed,1247501.0,477048.0,,348992.0,,196.51,75.15,,54.98,55.56,634814.0,231.447,39.7,14.312,9.842,94277.965,0.2,128.275,4.42,20.9,26.0,,4.51,82.25,0.916,,,,,,2328.0,3667.0,"Johnson&Johnson, Moderna, Oxford/AstraZeneca, Pfizer/BioNTech",0.0,0.0,0.0,0.0,0.0,0.0,0.0,0.0,0.0,0.0
LUX,Europe,Luxembourg,2022-02-08,170100.0,1112.0,966.0,2.0,267952.503,1751.694,2399.353,1521.706,3.151,8.0,12.602,80.0,126.021,,,,,4021369.0,5054.0,6334.72,7.961,0.316,3.2,tests performed,1250080.0,477228.0,,350777.0,2579.0,196.92,75.18,,55.26,46.3,634814.0,231.447,39.7,14.312,9.842,94277.965,0.2,128.275,4.42,20.9,26.0,,4.51,82.25,0.916,,,,,2579.0,2281.0,3593.0,"Johnson&Johnson, Moderna, Oxford/AstraZeneca, Pfizer/BioNTech",0.0,0.0,0.0,0.0,0.0,0.0,0.0,0.0,0.0,0.0
LUX,Europe,Luxembourg,2022-02-09,171452.0,1352.0,966.0,0.0,270082.26,2129.758,2130.208,1521.706,0.0,9.0,14.177,81.0,127.596,,,,,4025649.0,4280.0,6341.462,6.742,0.304,3.3,tests performed,1251866.0,477332.0,,351992.0,1786.0,197.2,75.19,,55.45,46.3,634814.0,231.447,39.7,14.312,9.842,94277.965,0.2,128.275,4.42,20.9,26.0,,4.51,82.25,0.916,,,,,1786.0,2149.0,3385.0,"Johnson&Johnson, Moderna, Oxford/AstraZeneca, Pfizer/BioNTech",0.0,0.0,0.0,0.0,0.0,0.0,0.0,0.0,0.0,0.0
LUX,Europe,Luxembourg,2022-02-10,172502.0,1050.0,968.0,2.0,271736.288,1654.028,1917.772,1524.856,3.151,9.0,14.177,73.0,114.994,,,,,4029919.0,4270.0,6348.189,6.726,0.282,3.5,tests performed,1253717.0,477499.0,,353016.0,1851.0,197.49,75.22,,55.61,46.3,634814.0,231.447,39.7,14.312,9.842,94277.965,0.2,128.275,4.42,20.9,26.0,,4.51,82.25,0.916,,,,,1851.0,2023.0,3187.0,"Johnson&Johnson, Moderna, Oxford/AstraZeneca, Pfizer/BioNTech",0.0,0.0,0.0,0.0,0.0,0.0,0.0,0.0,0.0,0.0
LUX,Europe,Luxembourg,2022-02-11,173419.0,917.0,969.0,1.0,273180.806,1444.518,1679.007,1526.431,1.575,11.0,17.328,74.0,116.57,,,,,4033620.0,3701.0,6354.019,5.83,0.257,3.9,tests performed,1255956.0,477658.0,,354499.0,2239.0,197.85,75.24,,55.84,46.3,634814.0,231.447,39.7,14.312,9.842,94277.965,0.2,128.275,4.42,20.9,26.0,,4.51,82.25,0.916,,,,,2239.0,1839.0,2897.0,"Johnson&Johnson, Moderna, Oxford/AstraZeneca, Pfizer/BioNTech",293868.0,105267.0,0.0,0.0,0.0,692418.0,41489.0,0.0,0.0,0.0
LUX,Europe,Luxembourg,2022-02-12,173419.0,0.0,969.0,0.0,273180.806,0.0,1679.007,1526.431,0.0,11.0,17.328,66.0,103.967,,,,,4036468.0,2848.0,6358.505,4.486,0.242,4.1,tests performed,1257478.0,477846.0,,355517.0,1522.0,198.09,75.27,,56.0,46.3,634814.0,231.447,39.7,14.312,9.842,94277.965,0.2,128.275,4.42,20.9,26.0,,4.51,82.25,0.916,,,,,1522.0,1676.0,2640.0,"Johnson&Johnson, Moderna, Oxford/AstraZeneca, Pfizer/BioNTech",0.0,0.0,0.0,0.0,0.0,0.0,0.0,0.0,0.0,0.0
LUX,Europe,Luxembourg,2022-02-13,173419.0,0.0,969.0,0.0,273180.806,0.0,1679.007,1526.431,0.0,12.0,18.903,63.0,99.242,,,32.0,51.109,4036860.0,392.0,6359.123,0.618,0.241,4.1,tests performed,,,,,,,,,,46.3,634814.0,231.447,39.7,14.312,9.842,94277.965,0.2,128.275,4.42,20.9,26.0,,4.51,82.25,0.916,,,,,,1638.0,2580.0,"Johnson&Johnson, Moderna, Oxford/AstraZeneca, Pfizer/BioNTech",0.0,0.0,0.0,0.0,0.0,0.0,0.0,0.0,0.0,0.0
LUX,Europe,Luxembourg,2022-02-14,174856.0,1437.0,976.0,7.0,275444.461,2263.655,1320.522,1537.458,11.027,11.0,17.328,67.0,105.543,,,,,4039212.0,2352.0,6362.828,3.705,0.232,4.3,tests performed,1258695.0,478026.0,,356295.0,,198.28,75.3,,56.13,46.3,634814.0,231.447,39.7,14.312,9.842,94277.965,0.2,128.275,4.42,20.9,26.0,,4.51,82.25,0.916,,,,,,1599.0,2519.0,"Johnson&Johnson, Moderna, Oxford/AstraZeneca, Pfizer/BioNTech",0.0,0.0,0.0,0.0,0.0,0.0,0.0,0.0,0.0,0.0
LUX,Europe,Luxembourg,2022-02-15,175408.0,552.0,979.0,3.0,276314.007,869.546,1194.501,1542.184,4.726,9.0,14.177,57.0,89.79,,,,,4042402.0,3190.0,6367.853,5.025,0.225,4.4,tests performed,1260005.0,478255.0,,357019.0,1310.0,198.48,75.34,,56.24,46.3,634814.0,231.447,39.7,14.312,9.842,94277.965,0.2,128.275,4.42,20.9,26.0,,4.51,82.25,0.916,,,,,1310.0,1418.0,2234.0,"Johnson&Johnson, Moderna, Oxford/AstraZeneca, Pfizer/BioNTech",0.0,0.0,0.0,0.0,0.0,0.0,0.0,0.0,0.0,0.0
LUX,Europe,Luxembourg,2022-02-16,176177.0,769.0,979.0,0.0,277525.385,1211.378,1063.304,1542.184,0.0,10.0,15.753,63.0,99.242,,,,,4045105.0,2703.0,6372.111,4.258,0.218,4.6,tests performed,1260958.0,478372.0,,357628.0,953.0,198.63,75.36,,56.34,46.3,634814.0,231.447,39.7,14.312,9.842,94277.965,0.2,128.275,4.42,20.9,26.0,,4.51,82.25,0.916,,,,,953.0,1299.0,2046.0,"Johnson&Johnson, Moderna, Oxford/AstraZeneca, Pfizer/BioNTech",0.0,0.0,0.0,0.0,0.0,0.0,0.0,0.0,0.0,0.0
LUX,Europe,Luxembourg,2022-02-17,176736.0,559.0,982.0,3.0,278405.958,880.573,952.81,1546.91,4.726,8.0,12.602,60.0,94.516,,,,,4047952.0,2847.0,6376.595,4.485,0.219,4.6,tests performed,1261923.0,478506.0,,358198.0,965.0,198.79,75.38,,56.43,46.3,634814.0,231.447,39.7,14.312,9.842,94277.965,0.2,128.275,4.42,20.9,26.0,,4.51,82.25,0.916,,,,,965.0,1172.0,1846.0,"Johnson&Johnson, Moderna, Oxford/AstraZeneca, Pfizer/BioNTech",0.0,0.0,0.0,0.0,0.0,0.0,0.0,0.0,0.0,0.0
LUX,Europe,Luxembourg,2022-02-18,177372.0,636.0,983.0,1.0,279407.827,1001.868,889.574,1548.485,1.575,8.0,12.602,41.0,64.586,,,,,4049664.0,1712.0,6379.292,2.697,0.231,4.3,tests performed,1262962.0,478637.0,,358845.0,1039.0,198.95,75.4,,56.53,46.3,634814.0,231.447,39.7,14.312,9.842,94277.965,0.2,128.275,4.42,20.9,26.0,,4.51,82.25,0.916,,,,,1039.0,1001.0,1577.0,"Johnson&Johnson, Moderna, Oxford/AstraZeneca, Pfizer/BioNTech",295689.0,105267.0,0.0,0.0,0.0,693894.0,41497.0,0.0,0.0,0.0
LUX,Europe,Luxembourg,2022-02-19,177372.0,0.0,983.0,0.0,279407.827,0.0,889.574,1548.485,0.0,9.0,14.177,35.0,55.134,,,,,4051669.0,2005.0,6382.451,3.158,0.24,4.2,tests performed,1264056.0,478777.0,,359590.0,1094.0,199.12,75.42,,56.64,46.3,634814.0,231.447,39.7,14.312,9.842,94277.965,0.2,128.275,4.42,20.9,26.0,,4.51,82.25,0.916,,,,,1094.0,940.0,1481.0,"Johnson&Johnson, Moderna, Oxford/AstraZeneca, Pfizer/BioNTech",0.0,0.0,0.0,0.0,0.0,0.0,0.0,0.0,0.0,0.0
LUX,Europe,Luxembourg,2022-02-20,177372.0,0.0,983.0,0.0,279407.827,0.0,889.574,1548.485,0.0,9.0,14.177,36.0,56.71,,,19.0,30.346,4052131.0,462.0,6383.178,0.728,0.239,4.2,tests performed,1264075.0,478777.0,,359598.0,19.0,199.13,75.42,,56.65,46.3,634814.0,231.447,39.7,14.312,9.842,94277.965,0.2,128.275,4.42,20.9,26.0,,4.51,82.25,0.916,,,,,19.0,856.0,1348.0,"Johnson&Johnson, Moderna, Oxford/AstraZeneca, Pfizer/BioNTech",0.0,0.0,0.0,0.0,0.0,0.0,0.0,0.0,0.0,0.0
LUX,Europe,Luxembourg,2022-02-21,178507.0,1135.0,985.0,2.0,281195.752,1787.925,821.613,1551.636,3.151,9.0,14.177,33.0,51.984,,,,,4055215.0,3084.0,6388.036,4.858,0.244,4.1,tests performed,1264820.0,478841.0,,360064.0,745.0,199.24,75.43,,56.72,46.3,634814.0,231.447,39.7,14.312,9.842,94277.965,0.2,128.275,4.42,20.9,26.0,,4.51,82.25,0.916,,,,,745.0,875.0,1378.0,"Johnson&Johnson, Moderna, Oxford/AstraZeneca, Pfizer/BioNTech",0.0,0.0,0.0,0.0,0.0,0.0,0.0,0.0,0.0,0.0
LUX,Europe,Luxembourg,2022-02-22,179305.0,798.0,986.0,1.0,282452.813,1257.061,876.972,1553.211,1.575,9.0,14.177,31.0,48.833,,,,,4058901.0,3686.0,6393.843,5.806,0.255,3.9,tests performed,1265828.0,478962.0,,360601.0,1008.0,199.4,75.45,,56.8,46.3,634814.0,231.447,39.7,14.312,9.842,94277.965,0.2,128.275,4.42,20.9,26.0,,4.51,82.25,0.916,,,,,1008.0,832.0,1311.0,"Johnson&Johnson, Moderna, Oxford/AstraZeneca, Pfizer/BioNTech",0.0,0.0,0.0,0.0,0.0,0.0,0.0,0.0,0.0,0.0
LUX,Europe,Luxembourg,2022-02-23,180376.0,1071.0,988.0,2.0,284139.921,1687.108,944.934,1556.361,3.151,6.0,9.452,27.0,42.532,,,,,4062179.0,3278.0,6399.007,5.164,0.261,3.8,tests performed,1266482.0,479021.0,,361016.0,654.0,199.5,75.46,,56.87,46.3,634814.0,231.447,39.7,14.312,9.842,94277.965,0.2,128.275,4.42,20.9,26.0,,4.51,82.25,0.916,,,,,654.0,789.0,1243.0,"Johnson&Johnson, Moderna, Oxford/AstraZeneca, Pfizer/BioNTech",0.0,0.0,0.0,0.0,0.0,0.0,0.0,0.0,0.0,0.0
LUX,Europe,Luxembourg,2022-02-24,181195.0,819.0,988.0,0.0,285430.063,1290.142,1003.444,1556.361,0.0,8.0,12.602,28.0,44.107,,,,,4064931.0,2752.0,6403.342,4.335,0.267,3.7,tests performed,1267386.0,479101.0,,361524.0,904.0,199.65,75.47,,56.95,46.3,634814.0,231.447,39.7,14.312,9.842,94277.965,0.2,128.275,4.42,20.9,26.0,,4.51,82.25,0.916,,,,,904.0,780.0,1229.0,"Johnson&Johnson, Moderna, Oxford/AstraZeneca, Pfizer/BioNTech",0.0,0.0,0.0,0.0,0.0,0.0,0.0,0.0,0.0,0.0
LUX,Europe,Luxembourg,2022-02-25,181903.0,708.0,988.0,0.0,286545.35,1115.287,1019.646,1556.361,0.0,6.0,9.452,29.0,45.683,,,,,4067286.0,2355.0,6407.052,3.71,0.269,3.7,tests performed,1268532.0,479188.0,,362299.0,1146.0,199.83,75.48,,57.07,46.3,634814.0,231.447,39.7,14.312,9.842,94277.965,0.2,128.275,4.42,20.9,26.0,,4.51,82.25,0.916,,,,,1146.0,796.0,1254.0,"Johnson&Johnson, Moderna, Oxford/AstraZeneca, Pfizer/BioNTech",297219.0,105267.0,0.0,0.0,0.0,695099.0,41504.0,0.0,0.0,0.0
LUX,Europe,Luxembourg,2022-02-26,181903.0,0.0,988.0,0.0,286545.35,0.0,1019.646,1556.361,0.0,6.0,9.452,27.0,42.532,,,,,4069223.0,1937.0,6410.103,3.051,0.265,3.8,tests performed,1269373.0,479311.0,,362829.0,841.0,199.96,75.5,,57.16,46.3,634814.0,231.447,39.7,14.312,9.842,94277.965,0.2,128.275,4.42,20.9,26.0,,4.51,82.25,0.916,,,,,841.0,760.0,1197.0,"Johnson&Johnson, Moderna, Oxford/AstraZeneca, Pfizer/BioNTech",0.0,0.0,0.0,0.0,0.0,0.0,0.0,0.0,0.0,0.0
LUX,Europe,Luxembourg,2022-02-27,181903.0,0.0,988.0,0.0,286545.35,0.0,1019.646,1556.361,0.0,6.0,9.452,26.0,40.957,,,11.0,17.569,4069685.0,462.0,6410.831,0.728,0.266,3.8,tests performed,,,,,,,,,,46.3,634814.0,231.447,39.7,14.312,9.842,94277.965,0.2,128.275,4.42,20.9,26.0,,4.51,82.25,0.916,,,,,,763.0,1202.0,"Johnson&Johnson, Moderna, Oxford/AstraZeneca, Pfizer/BioNTech",0.0,0.0,0.0,0.0,0.0,0.0,0.0,0.0,0.0,0.0
LUX,Europe,Luxembourg,2022-02-28,183177.0,1274.0,991.0,3.0,288552.237,2006.887,1050.927,1561.087,4.726,6.0,9.452,27.0,42.532,,,,,4072232.0,2547.0,6414.843,4.012,0.264,3.8,tests performed,1269454.0,479316.0,,362886.0,,199.97,75.5,,57.16,46.3,634814.0,231.447,39.7,14.312,9.842,94277.965,0.2,128.275,4.42,20.9,26.0,,4.51,82.25,0.916,,,,,,662.0,1043.0,"Johnson&Johnson, Moderna, Oxford/AstraZeneca, Pfizer/BioNTech",0.0,0.0,0.0,0.0,0.0,0.0,0.0,0.0,0.0,0.0
LUX,Europe,Luxembourg,2022-03-01,183802.0,625.0,992.0,1.0,289536.778,984.54,1011.995,1562.662,1.575,6.0,9.452,31.0,48.833,,,,,4076014.0,3782.0,6420.8,5.958,0.262,3.8,tests performed,1270427.0,479447.0,,363449.0,973.0,200.13,75.53,,57.25,46.3,634814.0,231.447,39.7,14.312,9.842,94277.965,0.2,128.275,4.42,20.9,26.0,,4.51,82.25,0.916,,,,,973.0,657.0,1035.0,"Johnson&Johnson, Moderna, Oxford/AstraZeneca, Pfizer/BioNTech",0.0,0.0,0.0,0.0,0.0,0.0,0.0,0.0,0.0,0.0
LUX,Europe,Luxembourg,2022-03-02,184862.0,1060.0,993.0,1.0,291206.558,1669.78,1009.52,1564.238,1.575,6.0,9.452,30.0,47.258,,,,,4079179.0,3165.0,6425.786,4.986,0.265,3.8,tests performed,1271002.0,479517.0,,363809.0,575.0,200.22,75.54,,57.31,46.3,634814.0,231.447,39.7,14.312,9.842,94277.965,0.2,128.275,4.42,20.9,26.0,,4.51,82.25,0.916,,,,,575.0,646.0,1018.0,"Johnson&Johnson, Moderna, Oxford/AstraZeneca, Pfizer/BioNTech",0.0,0.0,0.0,0.0,0.0,0.0,0.0,0.0,0.0,0.0
LUX,Europe,Luxembourg,2022-03-03,185707.0,845.0,995.0,2.0,292537.657,1331.099,1015.371,1567.388,3.151,5.0,7.876,30.0,47.258,,,,,4081716.0,2537.0,6429.783,3.996,0.266,3.8,tests performed,1271768.0,479611.0,,364244.0,766.0,200.34,75.55,,57.38,46.3,634814.0,231.447,39.7,14.312,9.842,94277.965,0.2,128.275,4.42,20.9,26.0,,4.51,82.25,0.916,,,,,766.0,626.0,986.0,"Johnson&Johnson, Moderna, Oxford/AstraZeneca, Pfizer/BioNTech",0.0,0.0,0.0,0.0,0.0,0.0,0.0,0.0,0.0,0.0
LUX,Europe,Luxembourg,2022-03-04,186360.0,653.0,996.0,1.0,293566.304,1028.648,1002.993,1568.964,1.575,6.0,9.452,33.0,51.984,,,,,4084237.0,2521.0,6433.754,3.971,0.274,3.6,tests performed,1272483.0,479667.0,,364725.0,715.0,200.45,75.56,,57.45,46.3,634814.0,231.447,39.7,14.312,9.842,94277.965,0.2,128.275,4.42,20.9,26.0,,4.51,82.25,0.916,,,,,715.0,564.0,888.0,"Johnson&Johnson, Moderna, Oxford/AstraZeneca, Pfizer/BioNTech",298302.0,105267.0,0.0,0.0,0.0,695884.0,41507.0,98.0,0.0,0.0
LUX,Europe,Luxembourg,2022-03-05,186360.0,0.0,996.0,0.0,293566.304,0.0,1002.993,1568.964,0.0,5.0,7.876,28.0,44.107,,,,,4086379.0,2142.0,6437.128,3.374,0.28,3.6,tests performed,1273213.0,479762.0,,365169.0,730.0,200.56,75.58,,57.52,46.3,634814.0,231.447,39.7,14.312,9.842,94277.965,0.2,128.275,4.42,20.9,26.0,,4.51,82.25,0.916,,,,,730.0,549.0,865.0,"Johnson&Johnson, Moderna, Oxford/AstraZeneca, Pfizer/BioNTech",0.0,0.0,0.0,0.0,0.0,0.0,0.0,0.0,0.0,0.0
LUX,Europe,Luxembourg,2022-03-06,186360.0,0.0,996.0,0.0,293566.304,0.0,1002.993,1568.964,0.0,5.0,7.876,31.0,48.833,,,19.0,30.346,4086854.0,475.0,6437.876,0.748,0.279,3.6,tests performed,,,,,,,,,,46.3,634814.0,231.447,39.7,14.312,9.842,94277.965,0.2,128.275,4.42,20.9,26.0,,4.51,82.25,0.916,,,,,,547.0,862.0,"Johnson&Johnson, Moderna, Oxford/AstraZeneca, Pfizer/BioNTech",0.0,0.0,0.0,0.0,0.0,0.0,0.0,0.0,0.0,0.0
LUX,Europe,Luxembourg,2022-03-07,187971.0,1611.0,999.0,3.0,296104.056,2537.751,1078.831,1573.689,4.726,5.0,7.876,32.0,50.408,,,,,4089473.0,2619.0,6442.002,4.126,0.287,3.5,tests performed,1273274.0,479763.0,,365210.0,,200.57,75.58,,57.53,46.3,634814.0,231.447,39.7,14.312,9.842,94277.965,0.2,128.275,4.42,20.9,26.0,,4.51,82.25,0.916,,,,,,546.0,860.0,"Johnson&Johnson, Moderna, Oxford/AstraZeneca, Pfizer/BioNTech",0.0,0.0,0.0,0.0,0.0,0.0,0.0,0.0,0.0,0.0
LUX,Europe,Luxembourg,2022-03-08,188748.0,777.0,999.0,0.0,297328.036,1223.981,1113.037,1573.689,0.0,5.0,7.876,32.0,50.408,,,,,4092692.0,3219.0,6447.073,5.071,0.298,3.4,tests performed,1273999.0,479836.0,,365614.0,725.0,200.69,75.59,,57.59,25.0,634814.0,231.447,39.7,14.312,9.842,94277.965,0.2,128.275,4.42,20.9,26.0,,4.51,82.25,0.916,,,,,725.0,510.0,803.0,"Johnson&Johnson, Moderna, Oxford/AstraZeneca, Pfizer/BioNTech",0.0,0.0,0.0,0.0,0.0,0.0,0.0,0.0,0.0,0.0
LUX,Europe,Luxembourg,2022-03-09,189830.0,1082.0,1000.0,1.0,299032.473,1704.436,1117.988,1575.265,1.575,5.0,7.876,32.0,50.408,,,,,4096336.0,3644.0,6452.813,5.74,0.309,3.2,tests performed,1274396.0,479859.0,,365904.0,397.0,200.75,75.59,,57.64,25.0,634814.0,231.447,39.7,14.312,9.842,94277.965,0.2,128.275,4.42,20.9,26.0,,4.51,82.25,0.916,,,,,397.0,485.0,764.0,"Johnson&Johnson, Moderna, Oxford/AstraZeneca, Pfizer/BioNTech",0.0,0.0,0.0,0.0,0.0,0.0,0.0,0.0,0.0,0.0
LUX,Europe,Luxembourg,2022-03-10,191006.0,1176.0,1004.0,4.0,300884.984,1852.511,1192.475,1581.566,6.301,4.0,6.301,38.0,59.86,,,,,4099179.0,2843.0,6457.291,4.478,0.324,3.1,tests performed,1274866.0,479905.0,,366195.0,470.0,200.83,75.6,,57.69,25.0,634814.0,231.447,39.7,14.312,9.842,94277.965,0.2,128.275,4.42,20.9,26.0,,4.51,82.25,0.916,,,,,470.0,443.0,698.0,"Johnson&Johnson, Moderna, Oxford/AstraZeneca, Pfizer/BioNTech",0.0,0.0,0.0,0.0,0.0,0.0,0.0,0.0,0.0,0.0
LUX,Europe,Luxembourg,2022-03-11,191964.0,958.0,1004.0,0.0,302394.087,1509.103,1261.112,1581.566,0.0,3.0,4.726,37.0,58.285,,,,,4102086.0,2907.0,6461.871,4.579,0.326,3.1,tests performed,1275480.0,479942.0,,366606.0,614.0,200.92,75.6,,57.75,25.0,634814.0,231.447,39.7,14.312,9.842,94277.965,0.2,128.275,4.42,20.9,26.0,,4.51,82.25,0.916,,,,,614.0,428.0,674.0,"Johnson&Johnson, Moderna, Oxford/AstraZeneca, Pfizer/BioNTech",299091.0,105267.0,0.0,0.0,0.0,696463.0,41513.0,132.0,0.0,0.0
LUX,Europe,Luxembourg,2022-03-12,191964.0,0.0,1004.0,0.0,302394.087,0.0,1261.112,1581.566,0.0,3.0,4.726,33.0,51.984,,,,,4104287.0,2201.0,6465.338,3.467,0.334,3.0,tests performed,1276055.0,479992.0,,366930.0,575.0,201.01,75.61,,57.8,25.0,634814.0,231.447,39.7,14.312,9.842,94277.965,0.2,128.275,4.42,20.9,26.0,,4.51,82.25,0.916,,,,,575.0,406.0,640.0,"Johnson&Johnson, Moderna, Oxford/AstraZeneca, Pfizer/BioNTech",0.0,0.0,0.0,0.0,0.0,0.0,0.0,0.0,0.0,0.0
LUX,Europe,Luxembourg,2022-03-13,191964.0,0.0,1004.0,0.0,302394.087,0.0,1261.112,1581.566,0.0,3.0,4.726,31.0,48.833,,,26.0,41.526,4104711.0,424.0,6466.006,0.668,0.334,3.0,tests performed,,,,,,,,,,25.0,634814.0,231.447,39.7,14.312,9.842,94277.965,0.2,128.275,4.42,20.9,26.0,,4.51,82.25,0.916,,,,,,407.0,641.0,"Johnson&Johnson, Moderna, Oxford/AstraZeneca, Pfizer/BioNTech",0.0,0.0,0.0,0.0,0.0,0.0,0.0,0.0,0.0,0.0
LUX,Europe,Luxembourg,2022-03-14,193939.0,1975.0,1006.0,2.0,305505.235,3111.148,1343.026,1584.716,3.151,3.0,4.726,32.0,50.408,,,,,4107472.0,2761.0,6470.355,4.349,0.339,2.9,tests performed,1276134.0,480003.0,,366985.0,,201.02,75.61,,57.81,25.0,634814.0,231.447,39.7,14.312,9.842,94277.965,0.2,128.275,4.42,20.9,26.0,,4.51,82.25,0.916,,,,,,409.0,644.0,"Johnson&Johnson, Moderna, Oxford/AstraZeneca, Pfizer/BioNTech",0.0,0.0,0.0,0.0,0.0,0.0,0.0,0.0,0.0,0.0
LUX,Europe,Luxembourg,2022-03-15,194846.0,907.0,1007.0,1.0,306934.0,1428.765,1372.28,1586.291,1.575,4.0,6.301,39.0,61.435,,,,,4111154.0,3682.0,6476.155,5.8,0.35,2.9,tests performed,1276792.0,480035.0,,367294.0,658.0,201.13,75.62,,57.86,25.0,634814.0,231.447,39.7,14.312,9.842,94277.965,0.2,128.275,4.42,20.9,26.0,,4.51,82.25,0.916,,,,,658.0,399.0,629.0,"Johnson&Johnson, Moderna, Oxford/AstraZeneca, Pfizer/BioNTech",0.0,0.0,0.0,0.0,0.0,0.0,0.0,0.0,0.0,0.0
LUX,Europe,Luxembourg,2022-03-16,196296.0,1450.0,1008.0,1.0,309218.133,2284.134,1455.094,1587.867,1.575,4.0,6.301,41.0,64.586,,,,,4114876.0,3722.0,6482.018,5.863,0.361,2.8,tests performed,1277138.0,480049.0,,367520.0,346.0,201.18,75.62,,57.89,25.0,634814.0,231.447,39.7,14.312,9.842,94277.965,0.2,128.275,4.42,20.9,26.0,,4.51,82.25,0.916,,,,,346.0,392.0,618.0,"Johnson&Johnson, Moderna, Oxford/AstraZeneca, Pfizer/BioNTech",0.0,0.0,0.0,0.0,0.0,0.0,0.0,0.0,0.0,0.0
LUX,Europe,Luxembourg,2022-03-17,197701.0,1405.0,1010.0,2.0,311431.38,2213.247,1506.628,1591.017,3.151,4.0,6.301,42.0,66.161,,,,,4118927.0,4051.0,6488.4,6.381,0.364,2.7,tests performed,1277580.0,480081.0,,367791.0,442.0,201.25,75.63,,57.94,25.0,634814.0,231.447,39.7,14.312,9.842,94277.965,0.2,128.275,4.42,20.9,26.0,,4.51,82.25,0.916,,,,,442.0,388.0,611.0,"Johnson&Johnson, Moderna, Oxford/AstraZeneca, Pfizer/BioNTech",0.0,0.0,0.0,0.0,0.0,0.0,0.0,0.0,0.0,0.0
LUX,Europe,Luxembourg,2022-03-18,199202.0,1501.0,1010.0,0.0,313795.852,2364.472,1628.824,1591.017,0.0,4.0,6.301,43.0,67.736,,,,,4121663.0,2736.0,6492.71,4.31,0.374,2.7,tests performed,1277973.0,480104.0,,368046.0,393.0,201.31,75.63,,57.98,25.0,634814.0,231.447,39.7,14.312,9.842,94277.965,0.2,128.275,4.42,20.9,26.0,,4.51,82.25,0.916,,,,,393.0,356.0,561.0,"Johnson&Johnson, Moderna, Oxford/AstraZeneca, Pfizer/BioNTech",299671.0,105267.0,0.0,0.0,0.0,696889.0,41518.0,151.0,0.0,0.0
LUX,Europe,Luxembourg,2022-03-19,199202.0,0.0,1010.0,0.0,313795.852,0.0,1628.824,1591.017,0.0,2.0,3.151,37.0,58.285,,,,,4124039.0,2376.0,6496.453,3.743,0.382,2.6,tests performed,1278363.0,480134.0,,368269.0,390.0,201.38,75.63,,58.01,25.0,634814.0,231.447,39.7,14.312,9.842,94277.965,0.2,128.275,4.42,20.9,26.0,,4.51,82.25,0.916,,,,,390.0,330.0,520.0,"Johnson&Johnson, Moderna, Oxford/AstraZeneca, Pfizer/BioNTech",0.0,0.0,0.0,0.0,0.0,0.0,0.0,0.0,0.0,0.0
LUX,Europe,Luxembourg,2022-03-20,199202.0,0.0,1010.0,0.0,313795.852,0.0,1628.824,1591.017,0.0,3.0,4.726,42.0,66.161,,,20.0,31.943,4124966.0,927.0,6497.913,1.46,0.385,2.6,tests performed,,,460292.0,,,,,72.51,,25.0,634814.0,231.447,39.7,14.312,9.842,94277.965,0.2,128.275,4.42,20.9,26.0,,4.51,82.25,0.916,,,,,,326.0,514.0,"Johnson&Johnson, Moderna, Oxford/AstraZeneca, Pfizer/BioNTech",0.0,0.0,0.0,0.0,0.0,0.0,0.0,0.0,0.0,0.0
LUX,Europe,Luxembourg,2022-03-21,201718.0,2516.0,1015.0,5.0,317759.218,3963.366,1750.569,1598.894,7.876,4.0,6.301,42.0,66.161,,,,,4127940.0,2974.0,6502.598,4.685,0.378,2.6,tests performed,1278385.0,480135.0,,368288.0,,201.38,75.63,,58.02,25.0,634814.0,231.447,39.7,14.312,9.842,94277.965,0.2,128.275,4.42,20.9,26.0,,4.51,82.25,0.916,,,,,,322.0,507.0,"Johnson&Johnson, Moderna, Oxford/AstraZeneca, Pfizer/BioNTech",0.0,0.0,0.0,0.0,0.0,0.0,0.0,0.0,0.0,0.0
LUX,Europe,Luxembourg,2022-03-22,202577.0,859.0,1019.0,4.0,319112.37,1353.152,1739.767,1605.195,6.301,4.0,6.301,37.0,58.285,,,,,4131856.0,3916.0,6508.766,6.169,0.365,2.7,tests performed,1278891.0,480182.0,,368591.0,506.0,201.46,75.64,,58.06,25.0,634814.0,231.447,39.7,14.312,9.842,94277.965,0.2,128.275,4.42,20.9,26.0,,4.51,82.25,0.916,,,,,506.0,300.0,473.0,"Johnson&Johnson, Moderna, Oxford/AstraZeneca, Pfizer/BioNTech",0.0,0.0,0.0,0.0,0.0,0.0,0.0,0.0,0.0,0.0
LUX,Europe,Luxembourg,2022-03-23,203861.0,1284.0,1019.0,0.0,321135.01,2022.64,1702.411,1605.195,0.0,3.0,4.726,39.0,61.435,,,,,4137166.0,5310.0,6517.131,8.365,0.376,2.7,tests performed,1279145.0,480197.0,,368784.0,254.0,201.5,75.64,,58.09,25.0,634814.0,231.447,39.7,14.312,9.842,94277.965,0.2,128.275,4.42,20.9,26.0,,4.51,82.25,0.916,,,,,254.0,287.0,452.0,"Johnson&Johnson, Moderna, Oxford/AstraZeneca, Pfizer/BioNTech",0.0,0.0,0.0,0.0,0.0,0.0,0.0,0.0,0.0,0.0
LUX,Europe,Luxembourg,2022-03-24,206044.0,2183.0,1023.0,4.0,324573.812,3438.803,1877.49,1611.496,6.301,3.0,4.726,37.0,58.285,,,,,4142083.0,4917.0,6524.877,7.746,0.39,2.6,tests performed,1279437.0,480223.0,,368965.0,292.0,201.55,75.65,,58.12,25.0,634814.0,231.447,39.7,14.312,9.842,94277.965,0.2,128.275,4.42,20.9,26.0,,4.51,82.25,0.916,,,,,292.0,265.0,417.0,"Johnson&Johnson, Moderna, Oxford/AstraZeneca, Pfizer/BioNTech",0.0,0.0,0.0,0.0,0.0,0.0,0.0,0.0,0.0,0.0
LUX,Europe,Luxembourg,2022-03-25,208223.0,2179.0,1025.0,2.0,328006.314,3432.501,2030.066,1614.646,3.151,4.0,6.301,36.0,56.71,,,,,4145578.0,3495.0,6530.382,5.506,0.385,2.6,tests performed,1279844.0,480249.0,,369265.0,407.0,201.61,75.65,,58.17,25.0,634814.0,231.447,39.7,14.312,9.842,94277.965,0.2,128.275,4.42,20.9,26.0,,4.51,82.25,0.916,,,,,407.0,267.0,421.0,"Johnson&Johnson, Moderna, Oxford/AstraZeneca, Pfizer/BioNTech",299677.0,105267.0,0.0,0.0,0.0,696897.0,41518.0,151.0,0.0,0.0
LUX,Europe,Luxembourg,2022-03-26,208223.0,0.0,1025.0,0.0,328006.314,0.0,2030.066,1614.646,0.0,5.0,7.876,33.0,51.984,,,,,4149044.0,3466.0,6535.842,5.46,0.391,2.6,tests performed,1280144.0,480279.0,,369428.0,300.0,201.66,75.66,,58.19,25.0,634814.0,231.447,39.7,14.312,9.842,94277.965,0.2,128.275,4.42,20.9,26.0,,4.51,82.25,0.916,,,,,300.0,254.0,400.0,"Johnson&Johnson, Moderna, Oxford/AstraZeneca, Pfizer/BioNTech",0.0,0.0,0.0,0.0,0.0,0.0,0.0,0.0,0.0,0.0
LUX,Europe,Luxembourg,2022-03-27,208223.0,0.0,1025.0,0.0,328006.314,0.0,2030.066,1614.646,0.0,4.0,6.301,25.0,39.382,,,11.0,17.569,4149569.0,525.0,6536.669,0.827,0.388,2.6,tests performed,,,,,,,,,,25.0,634814.0,231.447,39.7,14.312,9.842,94277.965,0.2,128.275,4.42,20.9,26.0,,4.51,82.25,0.916,,,,,,,,,0.0,0.0,0.0,0.0,0.0,0.0,0.0,0.0,0.0,0.0
LUX,Europe,Luxembourg,2022-03-28,211280.0,3057.0,1032.0,7.0,332821.897,4815.584,2151.811,1625.673,11.027,,,,,,,,,4152692.0,3123.0,6541.589,4.92,0.396,2.5,tests performed,,,,,,,,,,25.0,634814.0,231.447,39.7,14.312,9.842,94277.965,0.2,128.275,4.42,20.9,26.0,,4.51,82.25,0.916,,,,,,,,,0.0,0.0,0.0,0.0,0.0,0.0,0.0,0.0,0.0,0.0
LUX,Europe,Luxembourg,2022-03-29,212390.0,1110.0,1035.0,3.0,334570.441,1748.544,2208.296,1630.399,4.726,,,,,,,,,4157103.0,4411.0,6548.537,6.948,0.406,2.5,tests performed,,,,,,,,,,,634814.0,231.447,39.7,14.312,9.842,94277.965,0.2,128.275,4.42,20.9,26.0,,4.51,82.25,0.916,,,,,,,,,0.0,0.0,0.0,0.0,0.0,0.0,0.0,0.0,0.0,0.0
LUX,Europe,Luxembourg,2022-03-30,214099.0,1709.0,1035.0,0.0,337262.568,2692.127,2303.937,1630.399,0.0,,,,,,,,,4161616.0,4513.0,6555.646,7.109,0.399,2.5,tests performed,,,,,,,,,,,634814.0,231.447,39.7,14.312,9.842,94277.965,0.2,128.275,4.42,20.9,26.0,,4.51,82.25,0.916,,,,,,,,,0.0,0.0,0.0,0.0,0.0,0.0,0.0,0.0,0.0,0.0
LUX,Europe,Luxembourg,2022-03-31,215831.0,1732.0,1036.0,1.0,339990.926,2728.358,2202.445,1631.974,1.575,,,,,,,,,4165411.0,3795.0,6561.624,5.978,0.375,2.7,tests performed,,,,,,,,,,,634814.0,231.447,39.7,14.312,9.842,94277.965,0.2,128.275,4.42,20.9,26.0,,4.51,82.25,0.916,,,,,,,,,,,,,,,,,,
LUX,Europe,Luxembourg,2022-04-01,216979.0,1148.0,1037.0,1.0,341799.33,1808.404,1970.431,1633.549,1.575,,,,,,,,,,,,,,,,,,,,,,,,,,634814.0,231.447,39.7,14.312,9.842,94277.965,0.2,128.275,4.42,20.9,26.0,,4.51,82.25,0.916,,,,,,,,,,,,,,,,,,
LUX,Europe,Luxembourg,2022-04-02,216979.0,,1037.0,0.0,341799.33,,,1633.549,0.0,,,,,,,,,,,,,,,,,,,,,,,,,,634814.0,231.447,39.7,14.312,9.842,94277.965,0.2,128.275,4.42,20.9,26.0,,4.51,82.25,0.916,,,,,,,,,,,,,,,,,,
MAC,Asia,Macao,2020-01-22,1.0,,,,1.519,,,,,,,,,,,,,,,,,,,,,,,,,,,,,13.89,658391.0,20546.766,39.2,9.798,4.991,104861.851,,,,,,,,84.24,,,,,,,,,,,,,,,,,,,
MAC,Asia,Macao,2020-01-23,2.0,1.0,,,3.038,1.519,,,,,,,,,,,,,,,,,,,,,,,,,,,,25.0,658391.0,20546.766,39.2,9.798,4.991,104861.851,,,,,,,,84.24,,,,,,,,,,,,,,,,,,,
MAC,Asia,Macao,2020-01-24,2.0,0.0,,,3.038,0.0,,,,,,,,,,,,,,,,,,,,,,,,,,,,28.7,658391.0,20546.766,39.2,9.798,4.991,104861.851,,,,,,,,84.24,,,,,,,,,,,,,,,,,,,
MAC,Asia,Macao,2020-01-25,2.0,0.0,,,3.038,0.0,,,,,,,,,,,,,,,,,,,,,,,,,,,,28.7,658391.0,20546.766,39.2,9.798,4.991,104861.851,,,,,,,,84.24,,,,,,,,,,,,,,,,,,,
MAC,Asia,Macao,2020-01-26,5.0,3.0,,,7.594,4.557,,,,,,,,,,,,,,,,,,,,,,,,,,,,28.7,658391.0,20546.766,39.2,9.798,4.991,104861.851,,,,,,,,84.24,,,,,,,,,,,,,,,,,,,
MAC,Asia,Macao,2020-01-27,6.0,1.0,,,9.113,1.519,,,,,,,,,,,,,,,,,,,,,,,,,,,,28.7,658391.0,20546.766,39.2,9.798,4.991,104861.851,,,,,,,,84.24,,,,,,,,,,,,,,,,,,,
MAC,Asia,Macao,2020-01-28,7.0,1.0,,,10.632,1.519,,,,,,,,,,,,,,,,,,,,,,,,,,,,28.7,658391.0,20546.766,39.2,9.798,4.991,104861.851,,,,,,,,84.24,,,,,,,,,,,,,,,,,,,
MAC,Asia,Macao,2020-01-29,7.0,0.0,,,10.632,0.0,1.302,,,,,,,,,,,,,,,,,,,,,,,,,,,28.7,658391.0,20546.766,39.2,9.798,4.991,104861.851,,,,,,,,84.24,,,,,,,,,,,,,,,,,,,
MAC,Asia,Macao,2020-01-30,7.0,0.0,,,10.632,0.0,1.085,,,,,,,,,,,,,,,,,,,,,,,,,,,36.11,658391.0,20546.766,39.2,9.798,4.991,104861.851,,,,,,,,84.24,,,,,,,,,,,,,,,,,,,
MAC,Asia,Macao,2020-01-31,7.0,0.0,,,10.632,0.0,1.085,,,,,,,,,,,,,,,,,,,,,,,,,,,36.11,658391.0,20546.766,39.2,9.798,4.991,104861.851,,,,,,,,84.24,,-5.0,-2.43,-2.43,-7.59427148913032,,,,,,,,,,,,,,
MAC,Asia,Macao,2020-02-01,7.0,0.0,,,10.632,0.0,1.085,,,,,,,,,,,,,,,,,,,,,,,,,,,36.11,658391.0,20546.766,39.2,9.798,4.991,104861.851,,,,,,,,84.24,,,,,,,,,,,,,,,,,,,
MAC,Asia,Macao,2020-02-02,8.0,1.0,,,12.151,1.519,0.651,,,,,,,,,,,,,,,,,,,,,,,,,,,36.11,658391.0,20546.766,39.2,9.798,4.991,104861.851,,,,,,,,84.24,,,,,,,,,,,,,,,,,,,
MAC,Asia,Macao,2020-02-03,8.0,0.0,,,12.151,0.0,0.434,,,,,,,,,,,,,,,,,,,,,,,,,,,43.52,658391.0,20546.766,39.2,9.798,4.991,104861.851,,,,,,,,84.24,,,,,,,,,,,,,,,,,,,
MAC,Asia,Macao,2020-02-04,10.0,2.0,,,15.189,3.038,0.651,,,,,,,,,,,,,,,,,,,,,,,,,,,43.52,658391.0,20546.766,39.2,9.798,4.991,104861.851,,,,,,,,84.24,,,,,,,,,,,,,,,,,,,
MAC,Asia,Macao,2020-02-05,10.0,0.0,,,15.189,0.0,0.651,,,,,,,,,,,,,,,,,,,,,,,,,,,43.52,658391.0,20546.766,39.2,9.798,4.991,104861.851,,,,,,,,84.24,,,,,,,,,,,,,,,,,,,
MAC,Asia,Macao,2020-02-06,10.0,0.0,,,15.189,0.0,0.651,,,,,,,,,,,,,,,,,,,,,,,,,,,43.52,658391.0,20546.766,39.2,9.798,4.991,104861.851,,,,,,,,84.24,,,,,,,,,,,,,,,,,,,
MAC,Asia,Macao,2020-02-07,10.0,0.0,,,15.189,0.0,0.651,,,,,,,,,,,,,,,,,,,,,,,,,,,43.52,658391.0,20546.766,39.2,9.798,4.991,104861.851,,,,,,,,84.24,,,,,,,,,,,,,,,,,,,
MAC,Asia,Macao,2020-02-08,10.0,0.0,,,15.189,0.0,0.651,,,,,,,,,,,,,,,,,,,,,,,,,,,43.52,658391.0,20546.766,39.2,9.798,4.991,104861.851,,,,,,,,84.24,,,,,,,,,,,,,,,,,,,
MAC,Asia,Macao,2020-02-09,10.0,0.0,,,15.189,0.0,0.434,,,,,,,,,,,,,,,,,,,,,,,,,,,43.52,658391.0,20546.766,39.2,9.798,4.991,104861.851,,,,,,,,84.24,,,,,,,,,,,,,,,,,,,
MAC,Asia,Macao,2020-02-10,10.0,0.0,,,15.189,0.0,0.434,,,,,,,,,,,,,,,,,,,,,,,,,,,43.52,658391.0,20546.766,39.2,9.798,4.991,104861.851,,,,,,,,84.24,,,,,,,,,,,,,,,,,,,
